{"is_source_file": true, "format": "Python", "description": "This file sets up a FastAPI application with CORS middleware enabled and defines a basic health check endpoint at the root URL.", "external_files": ["fastapi", "fastapi.middleware.cors"], "external_methods": ["fastapi.FastAPI", "fastapi.middleware.cors.CORSMiddleware"], "published": ["app"], "classes": [], "methods": [{"name": "health_check()", "description": "Handles GET requests to the root URL and returns a health status message.", "scope": "", "scopeKind": ""}], "calls": ["FASTAPI()", "app.add_middleware", "CORSMiddleware", "app.get"], "search-terms": ["FastAPI setup", "CORS middleware", "health check endpoint"], "state": 2, "file_id": 1, "knowledge_revision": 9, "git_revision": "3217ad4bde833b3956d72974073f39cae51b55f8", "ctags": [{"_type": "tag", "name": "app", "path": "/home/kavia/workspace/code-generation/gxp-data-publishing-platform-312875-312885/fastapi_backend/src/api/main.py", "pattern": "/^app = FastAPI()$/", "language": "Python", "kind": "variable"}, {"_type": "tag", "name": "health_check", "path": "/home/kavia/workspace/code-generation/gxp-data-publishing-platform-312875-312885/fastapi_backend/src/api/main.py", "pattern": "/^def health_check():$/", "language": "Python", "kind": "function", "signature": "()"}], "hash": "58352bf5f133908bab16643199aa483d", "format-version": 4, "code-base-name": "fastapi_backend", "filename": "fastapi_backend/src/api/main.py", "fields": [{"name": "app = FastAPI()", "scope": "", "scopeKind": "", "description": "unavailable"}], "revision_history": [{"9": "3217ad4bde833b3956d72974073f39cae51b55f8"}]}